ETF_Ticker,ETF_Nombre,Tipo_Activo,Zona_Geografica,Moneda,Clasificacion_L1,Variables_Asignadas,Num_Variables
EHYA.AS,iShares Ôé¼ High Yield Corp Bond ESG UCITS ETF EUR (Acc),Fixed Income,Europe,EUR,Renta Fija Corporativa EUR,"EU_CREDIT_IG_SPREAD, EU_PMI_MANUFACTURING, EU_VSTOXX, EU_YIELD_10Y, FX_EURUSD, US_CFNAI, US_CREDIT_HY_SPREAD, US_FED_FUNDS_RATE, US_SPREAD_10Y2Y, US_VIX",10
PAASI.PA,Amundi PEA MSCI Emerging Asia ESG Leaders UCITS ETF,Equities,Asia Ex-Japan,EUR,Renta Variable Otros,"CN_GDP, CN_PMI_MANUFACTURING, EM_CREDIT_SPREAD, EM_MSCI_EM, FX_EURUSD, US_CFNAI, US_CREDIT_HY_SPREAD, US_FED_FUNDS_RATE, US_SPREAD_10Y2Y, US_VIX",10
3SUD.DE,iShares J.P. Morgan $ EM Bond UCITS ETF,Fixed Income,Emerging Markets,EUR,Renta Fija Gobierno,"EU_ECB_DEPOSIT_RATE, EU_HICP, EU_YIELD_10Y, EU_YIELD_2Y, FX_EURUSD, US_CFNAI, US_CREDIT_HY_SPREAD, US_FED_FUNDS_RATE, US_SPREAD_10Y2Y, US_VIX, US_YIELD_10Y",11
VECA.DE,Vanguard EUR Corporate Bond UCITS ETF EUR Accumulation,Fixed Income,Europe,EUR,Renta Fija Corporativa EUR,"EU_CREDIT_IG_SPREAD, EU_PMI_MANUFACTURING, EU_VSTOXX, EU_YIELD_10Y, FX_EURUSD, US_CFNAI, US_CREDIT_HY_SPREAD, US_FED_FUNDS_RATE, US_SPREAD_10Y2Y, US_VIX",10
ESGE.PA,Amundi MSCI Europe ESG Leaders UCITS ETF Acc,Equities,Europe,EUR,Renta Variable EUR,"EU_CORE_HICP, EU_ECB_DEPOSIT_RATE, EU_GDP, EU_HICP, EU_PMI_MANUFACTURING, EU_PMI_SERVICES, EU_STOXX600, EU_UNEMPLOYMENT_RATE, EU_VSTOXX, EU_YIELD_10Y, FX_EURUSD, US_CFNAI, US_CREDIT_HY_SPREAD, US_FED_FUNDS_RATE, US_SPREAD_10Y2Y, US_VIX",16
IU0E.DE,iShares $ Corp Bond 0-3yr ESG UCITS ETF,Fixed Income,Europe,EUR,Renta Fija Corporativa EUR,"EU_CREDIT_IG_SPREAD, EU_PMI_MANUFACTURING, EU_VSTOXX, EU_YIELD_10Y, FX_EURUSD, US_CFNAI, US_CREDIT_HY_SPREAD, US_FED_FUNDS_RATE, US_SPREAD_10Y2Y, US_VIX",10
JEST.MI,JPMorgan ETFs (Ireland) ICAV - EUR Ultra-Short Income UCITS ETF,Fixed Income,Europe,EUR,Renta Fija Corporativa EUR,"EU_CREDIT_IG_SPREAD, EU_PMI_MANUFACTURING, EU_VSTOXX, EU_YIELD_10Y, FX_EURUSD, US_CFNAI, US_CREDIT_HY_SPREAD, US_FED_FUNDS_RATE, US_SPREAD_10Y2Y, US_VIX",10
XZW0.L,Xtrackers MSCI World ESG UCITS ETF 1C,Equities,Global,USD,Renta Variable Otros,"EU_GDP, EU_STOXX600, GLOBAL_MSCI_WORLD, US_CFNAI, US_CREDIT_HY_SPREAD, US_FED_FUNDS_RATE, US_GDP, US_ISM_MANUFACTURING, US_SP500, US_SPREAD_10Y2Y, US_VIX",11
IBTE.L,iShares $ Treasury Bond 1-3yr UCITS ETF EUR Hedged (Acc),Fixed Income,Europe,EUR,Renta Fija Gobierno,"EU_ECB_DEPOSIT_RATE, EU_HICP, EU_YIELD_10Y, EU_YIELD_2Y, FX_EURUSD, US_CFNAI, US_CREDIT_HY_SPREAD, US_FED_FUNDS_RATE, US_SPREAD_10Y2Y, US_VIX, US_YIELD_10Y",11
IS07.DE,iShares Edge MSCI World Multifactor UCITS ETF EUR Hedged (Acc),Equities,Global,EUR,Renta Variable Otros,"EU_GDP, EU_STOXX600, FX_EURUSD, GLOBAL_MSCI_WORLD, US_CFNAI, US_CREDIT_HY_SPREAD, US_FED_FUNDS_RATE, US_GDP, US_ISM_MANUFACTURING, US_SP500, US_SPREAD_10Y2Y, US_VIX",12
SXR0.DE,iShares Edge MSCI World Minimum Volatility UCITS ETF EUR Hedged (Acc),Equities,Global,EUR,Renta Variable Otros,"EU_GDP, EU_STOXX600, FX_EURUSD, GLOBAL_MSCI_WORLD, US_CFNAI, US_CREDIT_HY_SPREAD, US_FED_FUNDS_RATE, US_GDP, US_ISM_MANUFACTURING, US_SP500, US_SPREAD_10Y2Y, US_VIX",12
EBBB.PA,Amundi Index Solution - AMUNDI EUR Corp BD 1-5Y ESG UCITS ETF Acc,Equities,Europe,EUR,Renta Variable EUR,"EU_CORE_HICP, EU_ECB_DEPOSIT_RATE, EU_GDP, EU_HICP, EU_PMI_MANUFACTURING, EU_PMI_SERVICES, EU_STOXX600, EU_UNEMPLOYMENT_RATE, EU_VSTOXX, EU_YIELD_10Y, FX_EURUSD, US_CFNAI, US_CREDIT_HY_SPREAD, US_FED_FUNDS_RATE, US_SPREAD_10Y2Y, US_VIX",16
GGOV.PA,Amundi Index Solutions - Amundi Index J.P. Morgan GBI Global Govies,Equities,Global,EUR,Renta Fija Gobierno,"EU_GDP, EU_STOXX600, FX_EURUSD, GLOBAL_MSCI_WORLD, US_CFNAI, US_CREDIT_HY_SPREAD, US_FED_FUNDS_RATE, US_GDP, US_ISM_MANUFACTURING, US_SP500, US_SPREAD_10Y2Y, US_VIX",12
MVEU.L,iShares Edge MSCI Europe Minimum Volatility UCITS ETF EUR (Acc),Equities,Europe,EUR,Renta Variable EUR,"EU_CORE_HICP, EU_ECB_DEPOSIT_RATE, EU_GDP, EU_HICP, EU_PMI_MANUFACTURING, EU_PMI_SERVICES, EU_STOXX600, EU_UNEMPLOYMENT_RATE, EU_VSTOXX, EU_YIELD_10Y, FX_EURUSD, US_CFNAI, US_CREDIT_HY_SPREAD, US_FED_FUNDS_RATE, US_SPREAD_10Y2Y, US_VIX",16
STT.PA,SPDR MSCI Europe Communication Services UCITS ETF,Equities,Europe,EUR,Renta Variable EUR,"EU_CORE_HICP, EU_ECB_DEPOSIT_RATE, EU_GDP, EU_HICP, EU_PMI_MANUFACTURING, EU_PMI_SERVICES, EU_STOXX600, EU_UNEMPLOYMENT_RATE, EU_VSTOXX, EU_YIELD_10Y, FX_EURUSD, US_CFNAI, US_CREDIT_HY_SPREAD, US_FED_FUNDS_RATE, US_SPREAD_10Y2Y, US_VIX",16
XYP1.DE,Xtrackers II iBoxx Eurozone Government Bond Yield Plus 1-3 UCITS ETF 1C,Fixed Income,Europe,EUR,Renta Fija Gobierno,"EU_ECB_DEPOSIT_RATE, EU_HICP, EU_YIELD_10Y, EU_YIELD_2Y, FX_EURUSD, US_CFNAI, US_CREDIT_HY_SPREAD, US_FED_FUNDS_RATE, US_SPREAD_10Y2Y, US_VIX, US_YIELD_10Y",11
ECRP.PA,Amundi Index Solutions - Amundi Index Euro Corporate SRI UCITS ETF DR,Equities,Europe,EUR,Renta Variable EUR,"EU_CORE_HICP, EU_ECB_DEPOSIT_RATE, EU_GDP, EU_HICP, EU_PMI_MANUFACTURING, EU_PMI_SERVICES, EU_STOXX600, EU_UNEMPLOYMENT_RATE, EU_VSTOXX, EU_YIELD_10Y, FX_EURUSD, US_CFNAI, US_CREDIT_HY_SPREAD, US_FED_FUNDS_RATE, US_SPREAD_10Y2Y, US_VIX",16
XLIQ.DE,Xtrackers II EUR Covered Bond Swap UCITS ETF 1C,Fixed Income,Europe,EUR,Renta Fija Gobierno,"EU_ECB_DEPOSIT_RATE, EU_HICP, EU_YIELD_10Y, EU_YIELD_2Y, FX_EURUSD, US_CFNAI, US_CREDIT_HY_SPREAD, US_FED_FUNDS_RATE, US_SPREAD_10Y2Y, US_VIX, US_YIELD_10Y",11
QDVN.DE,iShares MSCI Japan SRI EUR Hedged UCITS ETF (Acc),Equities,Japan,EUR,Renta Variable Otros,"FX_EURUSD, US_CFNAI, US_CREDIT_HY_SPREAD, US_FED_FUNDS_RATE, US_SPREAD_10Y2Y, US_VIX",6
XDEV.SW,Xtrackers MSCI World Value UCITS ETF 1C,Equities,Global,USD,Renta Variable Otros,"EU_GDP, EU_STOXX600, GLOBAL_MSCI_WORLD, US_CFNAI, US_CREDIT_HY_SPREAD, US_FED_FUNDS_RATE, US_GDP, US_ISM_MANUFACTURING, US_SP500, US_SPREAD_10Y2Y, US_VIX",11
XMAW.MI,Xtrackers MSCI AC World ESG Screened UCITS ETF 1C,Equities,Global,EUR,Renta Variable Otros,"EU_GDP, EU_STOXX600, FX_EURUSD, GLOBAL_MSCI_WORLD, US_CFNAI, US_CREDIT_HY_SPREAD, US_FED_FUNDS_RATE, US_GDP, US_ISM_MANUFACTURING, US_SP500, US_SPREAD_10Y2Y, US_VIX",12
STZ.PA,SPDR MSCI Europe Financials UCITS ETF,Equities,Europe,EUR,Renta Variable EUR,"EU_CORE_HICP, EU_ECB_DEPOSIT_RATE, EU_GDP, EU_HICP, EU_PMI_MANUFACTURING, EU_PMI_SERVICES, EU_STOXX600, EU_UNEMPLOYMENT_RATE, EU_VSTOXX, EU_YIELD_10Y, FX_EURUSD, US_CFNAI, US_CREDIT_HY_SPREAD, US_FED_FUNDS_RATE, US_SPREAD_10Y2Y, US_VIX",16
IBCI.AS,iShares Ôé¼ Inflation Linked Govt Bond UCITS ETF EUR (Acc),Fixed Income,Europe,EUR,Renta Fija Gobierno,"EU_ECB_DEPOSIT_RATE, EU_HICP, EU_YIELD_10Y, EU_YIELD_2Y, FX_EURUSD, US_CFNAI, US_CREDIT_HY_SPREAD, US_FED_FUNDS_RATE, US_SPREAD_10Y2Y, US_VIX, US_YIELD_10Y",11
XY4P.DE,Xtrackers II iBoxx Eurozone Government Bond Yield Plus UCITS ETF 1C,Fixed Income,Europe,EUR,Renta Fija Gobierno,"EU_ECB_DEPOSIT_RATE, EU_HICP, EU_YIELD_10Y, EU_YIELD_2Y, FX_EURUSD, US_CFNAI, US_CREDIT_HY_SPREAD, US_FED_FUNDS_RATE, US_SPREAD_10Y2Y, US_VIX, US_YIELD_10Y",11
XDEB.DE,Xtrackers MSCI World Minimum Volatility UCITS ETF 1C,Equities,Global,EUR,Renta Variable Otros,"EU_GDP, EU_STOXX600, FX_EURUSD, GLOBAL_MSCI_WORLD, US_CFNAI, US_CREDIT_HY_SPREAD, US_FED_FUNDS_RATE, US_GDP, US_ISM_MANUFACTURING, US_SP500, US_SPREAD_10Y2Y, US_VIX",12
X03G.DE,Xtrackers II Germany Government Bond UCITS ETF 1C,Fixed Income,Europe,EUR,Renta Fija Gobierno,"EU_ECB_DEPOSIT_RATE, EU_HICP, EU_YIELD_10Y, EU_YIELD_2Y, FX_EURUSD, US_CFNAI, US_CREDIT_HY_SPREAD, US_FED_FUNDS_RATE, US_SPREAD_10Y2Y, US_VIX, US_YIELD_10Y",11
ZPRL.DE,SPDR EURO STOXX Low Volatility UCITS ETF,Equities,Europe,EUR,Renta Variable EUR,"EU_CORE_HICP, EU_ECB_DEPOSIT_RATE, EU_GDP, EU_HICP, EU_PMI_MANUFACTURING, EU_PMI_SERVICES, EU_STOXX600, EU_UNEMPLOYMENT_RATE, EU_VSTOXX, EU_YIELD_10Y, FX_EURUSD, US_CFNAI, US_CREDIT_HY_SPREAD, US_FED_FUNDS_RATE, US_SPREAD_10Y2Y, US_VIX",16
SXRQ.DE,iShares VII PLC - iShares Ôé¼ Govt Bond 7-10yr ETF EUR Acc,Fixed Income,Europe,EUR,Renta Fija Gobierno,"EU_ECB_DEPOSIT_RATE, EU_HICP, EU_YIELD_10Y, EU_YIELD_2Y, FX_EURUSD, US_CFNAI, US_CREDIT_HY_SPREAD, US_FED_FUNDS_RATE, US_SPREAD_10Y2Y, US_VIX, US_YIELD_10Y",11
XBAT.DE,Xtrackers II Eurozone AAA Government Bond Swap UCITS ETF 1C,Fixed Income,Europe,EUR,Renta Fija Gobierno,"EU_ECB_DEPOSIT_RATE, EU_HICP, EU_YIELD_10Y, EU_YIELD_2Y, FX_EURUSD, US_CFNAI, US_CREDIT_HY_SPREAD, US_FED_FUNDS_RATE, US_SPREAD_10Y2Y, US_VIX, US_YIELD_10Y",11
BTP10.MI,Amundi Italy BTP Government Bond 10Y UCITS ETF Acc,Fixed Income,Europe,EUR,Renta Fija Gobierno,"EU_ECB_DEPOSIT_RATE, EU_HICP, EU_YIELD_10Y, EU_YIELD_2Y, FX_EURUSD, US_CFNAI, US_CREDIT_HY_SPREAD, US_FED_FUNDS_RATE, US_SPREAD_10Y2Y, US_VIX, US_YIELD_10Y",11
TNOW.MI,Amundi MSCI World Information Technology UCITS ETF EUR Acc,Equities,Global,EUR,Renta Variable Otros,"EU_GDP, EU_STOXX600, FX_EURUSD, GLOBAL_MSCI_WORLD, US_CFNAI, US_CREDIT_HY_SPREAD, US_FED_FUNDS_RATE, US_GDP, US_ISM_MANUFACTURING, US_SP500, US_SPREAD_10Y2Y, US_VIX",12
HLTW.MI,Amundi MSCI World Health Care UCITS ETF EUR Acc,Equities,Global,EUR,Renta Variable Otros,"EU_GDP, EU_STOXX600, FX_EURUSD, GLOBAL_MSCI_WORLD, US_CFNAI, US_CREDIT_HY_SPREAD, US_FED_FUNDS_RATE, US_GDP, US_ISM_MANUFACTURING, US_SP500, US_SPREAD_10Y2Y, US_VIX",12
FINSW.MI,Amundi MSCI World Financials UCITS ETF EUR Acc,Equities,Global,EUR,Renta Variable Otros,"EU_GDP, EU_STOXX600, FX_EURUSD, GLOBAL_MSCI_WORLD, US_CFNAI, US_CREDIT_HY_SPREAD, US_FED_FUNDS_RATE, US_GDP, US_ISM_MANUFACTURING, US_SP500, US_SPREAD_10Y2Y, US_VIX",12
XDWT.L,Xtrackers MSCI World Information Technology UCITS ETF 1C,Equities,Global,USD,Renta Variable Otros,"EU_GDP, EU_STOXX600, GLOBAL_MSCI_WORLD, US_CFNAI, US_CREDIT_HY_SPREAD, US_FED_FUNDS_RATE, US_GDP, US_ISM_MANUFACTURING, US_SP500, US_SPREAD_10Y2Y, US_VIX",11
IWDE.L,iShares MSCI World EUR Hedged UCITS ETF (Acc),Equities,Global,EUR,Renta Variable Otros,"EU_GDP, EU_STOXX600, FX_EURUSD, GLOBAL_MSCI_WORLD, US_CFNAI, US_CREDIT_HY_SPREAD, US_FED_FUNDS_RATE, US_GDP, US_ISM_MANUFACTURING, US_SP500, US_SPREAD_10Y2Y, US_VIX",12
EM35.MI,Amundi Euro Government Bond 3-5Y UCITS ETF Acc,Fixed Income,Europe,EUR,Renta Fija Gobierno,"EU_ECB_DEPOSIT_RATE, EU_HICP, EU_YIELD_10Y, EU_YIELD_2Y, FX_EURUSD, US_CFNAI, US_CREDIT_HY_SPREAD, US_FED_FUNDS_RATE, US_SPREAD_10Y2Y, US_VIX, US_YIELD_10Y",11
UTI.MI,Lyxor Index Fund - Lyxor Stoxx Europe 600 Utilities UCITS ETF Acc,Alternatives,Europe,EUR,Renta Variable EUR,"FX_EURUSD, US_CFNAI, US_CREDIT_HY_SPREAD, US_FED_FUNDS_RATE, US_SPREAD_10Y2Y, US_VIX",6
TELE.PA,Multi Units Luxembourg - Amundi STOXX Europe 600 Telecommunications UCITS ETF Acc,Equities,Europe,EUR,Renta Variable EUR,"EU_CORE_HICP, EU_ECB_DEPOSIT_RATE, EU_GDP, EU_HICP, EU_PMI_MANUFACTURING, EU_PMI_SERVICES, EU_STOXX600, EU_UNEMPLOYMENT_RATE, EU_VSTOXX, EU_YIELD_10Y, FX_EURUSD, US_CFNAI, US_CREDIT_HY_SPREAD, US_FED_FUNDS_RATE, US_SPREAD_10Y2Y, US_VIX",16
CN1.PA,Amundi Index Solutions - Amundi MSCI Nordic UCITS ETF-C,Equities,Europe,EUR,Renta Variable EUR,"EU_CORE_HICP, EU_ECB_DEPOSIT_RATE, EU_GDP, EU_HICP, EU_PMI_MANUFACTURING, EU_PMI_SERVICES, EU_STOXX600, EU_UNEMPLOYMENT_RATE, EU_VSTOXX, EU_YIELD_10Y, FX_EURUSD, US_CFNAI, US_CREDIT_HY_SPREAD, US_FED_FUNDS_RATE, US_SPREAD_10Y2Y, US_VIX",16
XBAE.DE,Xtrackers II ESG Global Aggregate Bond UCITS ETF 5C - EUR Hedged,Fixed Income,Global,EUR,Renta Fija Gobierno,"EU_ECB_DEPOSIT_RATE, EU_HICP, EU_YIELD_10Y, EU_YIELD_2Y, FX_EURUSD, US_CFNAI, US_CREDIT_HY_SPREAD, US_FED_FUNDS_RATE, US_SPREAD_10Y2Y, US_VIX, US_YIELD_10Y",11
EGRA.MI,WisdomTree Eurozone Quality Dividend Growth UCITS ETF - EUR Acc,Equities,Europe,EUR,Renta Variable EUR,"EU_CORE_HICP, EU_ECB_DEPOSIT_RATE, EU_GDP, EU_HICP, EU_PMI_MANUFACTURING, EU_PMI_SERVICES, EU_STOXX600, EU_UNEMPLOYMENT_RATE, EU_VSTOXX, EU_YIELD_10Y, FX_EURUSD, US_CFNAI, US_CREDIT_HY_SPREAD, US_FED_FUNDS_RATE, US_SPREAD_10Y2Y, US_VIX",16
ITPS.SW,iShares $ TIPS UCITS ETF USD (Acc),Equities,USA,USD,Renta Variable USD,"US_CFNAI, US_CORE_PCE, US_CPI, US_CREDIT_HY_SPREAD, US_FED_FUNDS_RATE, US_GDP, US_ISM_MANUFACTURING, US_NASDAQ, US_RUSSELL2000, US_SP500, US_SPREAD_10Y2Y, US_UNEMPLOYMENT_RATE, US_VIX",13
CBEF.MI,Amundi EUR Corporate Bond ex-Financials ESG UCITS ETF Acc,Fixed Income,Europe,EUR,Renta Fija Corporativa EUR,"EU_CREDIT_IG_SPREAD, EU_PMI_MANUFACTURING, EU_VSTOXX, EU_YIELD_10Y, FX_EURUSD, US_CFNAI, US_CREDIT_HY_SPREAD, US_FED_FUNDS_RATE, US_SPREAD_10Y2Y, US_VIX",10
HLT.PA,Multi Units Luxembourg - Amundi STOXX Europe 600 Healthcare UCITS ETF Acc,Equities,Europe,EUR,Renta Variable EUR,"EU_CORE_HICP, EU_ECB_DEPOSIT_RATE, EU_GDP, EU_HICP, EU_PMI_MANUFACTURING, EU_PMI_SERVICES, EU_STOXX600, EU_UNEMPLOYMENT_RATE, EU_VSTOXX, EU_YIELD_10Y, FX_EURUSD, US_CFNAI, US_CREDIT_HY_SPREAD, US_FED_FUNDS_RATE, US_SPREAD_10Y2Y, US_VIX",16
INS.PA,Multi Units Luxembourg - Amundi STOXX Europe 600 Insurance UCITS ETF Acc,Equities,Europe,EUR,Renta Variable EUR,"EU_CORE_HICP, EU_ECB_DEPOSIT_RATE, EU_GDP, EU_HICP, EU_PMI_MANUFACTURING, EU_PMI_SERVICES, EU_STOXX600, EU_UNEMPLOYMENT_RATE, EU_VSTOXX, EU_YIELD_10Y, FX_EURUSD, US_CFNAI, US_CREDIT_HY_SPREAD, US_FED_FUNDS_RATE, US_SPREAD_10Y2Y, US_VIX",16
XG7S.DE,Xtrackers II Global Government Bond UCITS ETF 5C,Fixed Income,Global,EUR,Renta Fija Gobierno,"EU_ECB_DEPOSIT_RATE, EU_HICP, EU_YIELD_10Y, EU_YIELD_2Y, FX_EURUSD, US_CFNAI, US_CREDIT_HY_SPREAD, US_FED_FUNDS_RATE, US_SPREAD_10Y2Y, US_VIX, US_YIELD_10Y",11
EURO.SW,SPDR MSCI EMU UCITS ETF,Equities,Europe,CHF,Renta Variable EUR,"EU_CORE_HICP, EU_ECB_DEPOSIT_RATE, EU_GDP, EU_HICP, EU_PMI_MANUFACTURING, EU_PMI_SERVICES, EU_STOXX600, EU_UNEMPLOYMENT_RATE, EU_VSTOXX, EU_YIELD_10Y, FX_USDCHF, US_CFNAI, US_CREDIT_HY_SPREAD, US_FED_FUNDS_RATE, US_SPREAD_10Y2Y, US_VIX",16
MA35.PA,Amundi Euro Highest Rated Macro-Weighted Government Bond 3-5Y UCITS ETF Acc,Fixed Income,Europe,EUR,Renta Fija Gobierno,"EU_ECB_DEPOSIT_RATE, EU_HICP, EU_YIELD_10Y, EU_YIELD_2Y, FX_EURUSD, US_CFNAI, US_CREDIT_HY_SPREAD, US_FED_FUNDS_RATE, US_SPREAD_10Y2Y, US_VIX, US_YIELD_10Y",11
AFLE.PA,Amundi Index Solutions - Amundi Floating Rate USD Corporate ESG - UCITS ETF DR - HEDGED EUR (C),Equities,Europe,EUR,Renta Variable EUR,"EU_CORE_HICP, EU_ECB_DEPOSIT_RATE, EU_GDP, EU_HICP, EU_PMI_MANUFACTURING, EU_PMI_SERVICES, EU_STOXX600, EU_UNEMPLOYMENT_RATE, EU_VSTOXX, EU_YIELD_10Y, FX_EURUSD, US_CFNAI, US_CREDIT_HY_SPREAD, US_FED_FUNDS_RATE, US_SPREAD_10Y2Y, US_VIX",16
CG1.PA,Amundi ETF DAX UCITS ETF DR,Equities,Europe,EUR,Renta Variable EUR,"EU_CORE_HICP, EU_ECB_DEPOSIT_RATE, EU_GDP, EU_HICP, EU_PMI_MANUFACTURING, EU_PMI_SERVICES, EU_STOXX600, EU_UNEMPLOYMENT_RATE, EU_VSTOXX, EU_YIELD_10Y, FX_EURUSD, US_CFNAI, US_CREDIT_HY_SPREAD, US_FED_FUNDS_RATE, US_SPREAD_10Y2Y, US_VIX",16
AHYE.PA,Amundi Index Solutions - Amundi EURO High Yield Bond ESG - UCITS ETF DR - EUR (C),Fixed Income,Europe,EUR,Renta Fija Corporativa EUR,"EU_CREDIT_IG_SPREAD, EU_PMI_MANUFACTURING, EU_VSTOXX, EU_YIELD_10Y, FX_EURUSD, US_CFNAI, US_CREDIT_HY_SPREAD, US_FED_FUNDS_RATE, US_SPREAD_10Y2Y, US_VIX",10
CC4.PA,Amundi Index Solutions - Amundi EURO Corporates UCITS ETF DR EUR C,Equities,Europe,EUR,Renta Variable EUR,"EU_CORE_HICP, EU_ECB_DEPOSIT_RATE, EU_GDP, EU_HICP, EU_PMI_MANUFACTURING, EU_PMI_SERVICES, EU_STOXX600, EU_UNEMPLOYMENT_RATE, EU_VSTOXX, EU_YIELD_10Y, FX_EURUSD, US_CFNAI, US_CREDIT_HY_SPREAD, US_FED_FUNDS_RATE, US_SPREAD_10Y2Y, US_VIX",16
CB3.PA,AMUNDI EURO GOVERNMENT TILTED GREEN BOND UCITS ETF Acc,Fixed Income,Europe,EUR,Renta Fija Gobierno,"EU_ECB_DEPOSIT_RATE, EU_HICP, EU_YIELD_10Y, EU_YIELD_2Y, FX_EURUSD, US_CFNAI, US_CREDIT_HY_SPREAD, US_FED_FUNDS_RATE, US_SPREAD_10Y2Y, US_VIX, US_YIELD_10Y",11
X1G.PA,Amundi Index Solutions - Amundi Govt Bond Lowest Rated Euro Investment Grade UCITS ETF-C,Fixed Income,Europe,EUR,Renta Fija Gobierno,"EU_ECB_DEPOSIT_RATE, EU_HICP, EU_YIELD_10Y, EU_YIELD_2Y, FX_EURUSD, US_CFNAI, US_CREDIT_HY_SPREAD, US_FED_FUNDS_RATE, US_SPREAD_10Y2Y, US_VIX, US_YIELD_10Y",11
CV9.PA,Amundi Index Solutions - Amundi MSCI Europe Value Factor UCITS ETF-C,Equities,Europe,EUR,Renta Variable EUR,"EU_CORE_HICP, EU_ECB_DEPOSIT_RATE, EU_GDP, EU_HICP, EU_PMI_MANUFACTURING, EU_PMI_SERVICES, EU_STOXX600, EU_UNEMPLOYMENT_RATE, EU_VSTOXX, EU_YIELD_10Y, FX_EURUSD, US_CFNAI, US_CREDIT_HY_SPREAD, US_FED_FUNDS_RATE, US_SPREAD_10Y2Y, US_VIX",16
AM3A.PA,Amundi Index Solutions - Amundi Govt Bond Highest Rated Euro Investment Grade Ucits ETF EUR C,Fixed Income,Europe,EUR,Renta Fija Gobierno,"EU_ECB_DEPOSIT_RATE, EU_HICP, EU_YIELD_10Y, EU_YIELD_2Y, FX_EURUSD, US_CFNAI, US_CREDIT_HY_SPREAD, US_FED_FUNDS_RATE, US_SPREAD_10Y2Y, US_VIX, US_YIELD_10Y",11
C5E.PA,Amundi ETF Stoxx Europe 50 UCITS ETF,Equities,Europe,EUR,Renta Variable EUR,"EU_CORE_HICP, EU_ECB_DEPOSIT_RATE, EU_GDP, EU_HICP, EU_PMI_MANUFACTURING, EU_PMI_SERVICES, EU_STOXX600, EU_UNEMPLOYMENT_RATE, EU_VSTOXX, EU_YIELD_10Y, FX_EURUSD, US_CFNAI, US_CREDIT_HY_SPREAD, US_FED_FUNDS_RATE, US_SPREAD_10Y2Y, US_VIX",16
QCEU.PA,Amundi Index Solutions - Amundi MSCI Europe Quality Factor UCITS ETF-C,Equities,Europe,EUR,Renta Variable EUR,"EU_CORE_HICP, EU_ECB_DEPOSIT_RATE, EU_GDP, EU_HICP, EU_PMI_MANUFACTURING, EU_PMI_SERVICES, EU_STOXX600, EU_UNEMPLOYMENT_RATE, EU_VSTOXX, EU_YIELD_10Y, FX_EURUSD, US_CFNAI, US_CREDIT_HY_SPREAD, US_FED_FUNDS_RATE, US_SPREAD_10Y2Y, US_VIX",16
C6E.PA,Amundi Index Solutions - AMUNDI STOXX EUROPE 600 ESG - UCITS ETF DR - EUR (C),Equities,Europe,EUR,Renta Variable EUR,"EU_CORE_HICP, EU_ECB_DEPOSIT_RATE, EU_GDP, EU_HICP, EU_PMI_MANUFACTURING, EU_PMI_SERVICES, EU_STOXX600, EU_UNEMPLOYMENT_RATE, EU_VSTOXX, EU_YIELD_10Y, FX_EURUSD, US_CFNAI, US_CREDIT_HY_SPREAD, US_FED_FUNDS_RATE, US_SPREAD_10Y2Y, US_VIX",16
ANX.PA,Amundi Index Solutions - Amundi Nasdaq-100 ETF-C EUR,Equities,USA,EUR,Renta Variable USD,"FX_EURUSD, US_CFNAI, US_CORE_PCE, US_CPI, US_CREDIT_HY_SPREAD, US_FED_FUNDS_RATE, US_GDP, US_ISM_MANUFACTURING, US_NASDAQ, US_RUSSELL2000, US_SP500, US_SPREAD_10Y2Y, US_UNEMPLOYMENT_RATE, US_VIX",14
500.PA,Amundi Index Solutions - Amundi S&P 500 UCITS ETF,Equities,USA,EUR,Renta Variable USD,"FX_EURUSD, US_CFNAI, US_CORE_PCE, US_CPI, US_CREDIT_HY_SPREAD, US_FED_FUNDS_RATE, US_GDP, US_ISM_MANUFACTURING, US_NASDAQ, US_RUSSELL2000, US_SP500, US_SPREAD_10Y2Y, US_UNEMPLOYMENT_RATE, US_VIX",14
CEU2.PA,Amundi Index Solutions - Amundi Index MSCI Europe UCITS ETF DR,Equities,Europe,EUR,Renta Variable EUR,"EU_CORE_HICP, EU_ECB_DEPOSIT_RATE, EU_GDP, EU_HICP, EU_PMI_MANUFACTURING, EU_PMI_SERVICES, EU_STOXX600, EU_UNEMPLOYMENT_RATE, EU_VSTOXX, EU_YIELD_10Y, FX_EURUSD, US_CFNAI, US_CREDIT_HY_SPREAD, US_FED_FUNDS_RATE, US_SPREAD_10Y2Y, US_VIX",16
AEEM.PA,Amundi Index Solutions - Amundi MSCI Emerging Markets UCITS ETF-C EUR,Equities,Emerging Markets,EUR,Renta Variable Otros,"CN_GDP, CN_PMI_MANUFACTURING, EM_CREDIT_SPREAD, EM_MSCI_EM, FX_EURUSD, US_CFNAI, US_CREDIT_HY_SPREAD, US_FED_FUNDS_RATE, US_SPREAD_10Y2Y, US_VIX",10
CEC.PA,Amundi MSCI Eastern Europe Ex Russia UCITS ETF Acc,Equities,Europe,EUR,Renta Variable EUR,"EU_CORE_HICP, EU_ECB_DEPOSIT_RATE, EU_GDP, EU_HICP, EU_PMI_MANUFACTURING, EU_PMI_SERVICES, EU_STOXX600, EU_UNEMPLOYMENT_RATE, EU_VSTOXX, EU_YIELD_10Y, FX_EURUSD, US_CFNAI, US_CREDIT_HY_SPREAD, US_FED_FUNDS_RATE, US_SPREAD_10Y2Y, US_VIX",16
CI2.PA,Amundi Index Solutions - Amundi MSCI India UCITS ETF-C EUR,Equities,Asia Ex-Japan,EUR,Renta Variable Otros,"CN_GDP, CN_PMI_MANUFACTURING, EM_CREDIT_SPREAD, EM_MSCI_EM, FX_EURUSD, US_CFNAI, US_CREDIT_HY_SPREAD, US_FED_FUNDS_RATE, US_SPREAD_10Y2Y, US_VIX",10
MTH.PA,Amundi Euro Government Bond 25+Y UCITS ETF Acc,Fixed Income,Europe,EUR,Renta Fija Gobierno,"EU_ECB_DEPOSIT_RATE, EU_HICP, EU_YIELD_10Y, EU_YIELD_2Y, FX_EURUSD, US_CFNAI, US_CREDIT_HY_SPREAD, US_FED_FUNDS_RATE, US_SPREAD_10Y2Y, US_VIX, US_YIELD_10Y",11
GLUX.MI,Amundi Index Solutions - Amundi S&P Global Luxury,Equities,USA,EUR,Renta Variable USD,"FX_EURUSD, US_CFNAI, US_CORE_PCE, US_CPI, US_CREDIT_HY_SPREAD, US_FED_FUNDS_RATE, US_GDP, US_ISM_MANUFACTURING, US_NASDAQ, US_RUSSELL2000, US_SP500, US_SPREAD_10Y2Y, US_UNEMPLOYMENT_RATE, US_VIX",14
CW8.PA,Amundi Index Solutions - Amundi MSCI World UCITS ETF C EUR,Equities,Global,EUR,Renta Variable Otros,"EU_GDP, EU_STOXX600, FX_EURUSD, GLOBAL_MSCI_WORLD, US_CFNAI, US_CREDIT_HY_SPREAD, US_FED_FUNDS_RATE, US_GDP, US_ISM_MANUFACTURING, US_SP500, US_SPREAD_10Y2Y, US_VIX",12
CE8.PA,Amundi Index Solutions - Amundi MSCI World Ex Europe ETF-C EUR,Equities,Global,EUR,Renta Variable Otros,"EU_GDP, EU_STOXX600, FX_EURUSD, GLOBAL_MSCI_WORLD, US_CFNAI, US_CREDIT_HY_SPREAD, US_FED_FUNDS_RATE, US_GDP, US_ISM_MANUFACTURING, US_SP500, US_SPREAD_10Y2Y, US_VIX",12
CM9.PA,Amundi ETF MSCI World ex EMU UCITS ETF,Equities,Global,EUR,Renta Variable Otros,"EU_GDP, EU_STOXX600, FX_EURUSD, GLOBAL_MSCI_WORLD, US_CFNAI, US_CREDIT_HY_SPREAD, US_FED_FUNDS_RATE, US_GDP, US_ISM_MANUFACTURING, US_SP500, US_SPREAD_10Y2Y, US_VIX",12
ALAT.PA,Amundi Index Solutions - Amundi MSCI Em Latin America UCITS ETF-C EUR,Equities,USA,EUR,Renta Variable USD,"FX_EURUSD, US_CFNAI, US_CORE_PCE, US_CPI, US_CREDIT_HY_SPREAD, US_FED_FUNDS_RATE, US_GDP, US_ISM_MANUFACTURING, US_NASDAQ, US_RUSSELL2000, US_SP500, US_SPREAD_10Y2Y, US_UNEMPLOYMENT_RATE, US_VIX",14
AASI.PA,Amundi Index Solutions - Amundi MSCI Em Asia UCITS ETF-C EUR,Equities,Asia Ex-Japan,EUR,Renta Variable Otros,"CN_GDP, CN_PMI_MANUFACTURING, EM_CREDIT_SPREAD, EM_MSCI_EM, FX_EURUSD, US_CFNAI, US_CREDIT_HY_SPREAD, US_FED_FUNDS_RATE, US_SPREAD_10Y2Y, US_VIX",10
RS2K.PA,Amundi Index Solutions - Amundi Russell 2000 ETF-C EUR,Equities,Europe,EUR,Renta Variable USD,"EU_CORE_HICP, EU_ECB_DEPOSIT_RATE, EU_GDP, EU_HICP, EU_PMI_MANUFACTURING, EU_PMI_SERVICES, EU_STOXX600, EU_UNEMPLOYMENT_RATE, EU_VSTOXX, EU_YIELD_10Y, FX_EURUSD, US_CFNAI, US_CREDIT_HY_SPREAD, US_FED_FUNDS_RATE, US_SPREAD_10Y2Y, US_VIX",16
RIO.PA,Amundi MSCI Brazil UCITS ETF Acc,Equities,Latam,EUR,Renta Variable Otros,"FX_EURUSD, US_CFNAI, US_CREDIT_HY_SPREAD, US_FED_FUNDS_RATE, US_SPREAD_10Y2Y, US_VIX",6
ASI.PA,Amundi MSCI China ESG Leaders Extra UCITS ETF Acc,Equities,Asia Ex-Japan,EUR,Renta Variable Otros,"CN_GDP, CN_PMI_MANUFACTURING, EM_CREDIT_SPREAD, EM_MSCI_EM, FX_EURUSD, US_CFNAI, US_CREDIT_HY_SPREAD, US_FED_FUNDS_RATE, US_SPREAD_10Y2Y, US_VIX",10
MEUD.PA,Amundi Stoxx Europe 600 UCITS ETF C,Equities,Europe,EUR,Renta Variable EUR,"EU_CORE_HICP, EU_ECB_DEPOSIT_RATE, EU_GDP, EU_HICP, EU_PMI_MANUFACTURING, EU_PMI_SERVICES, EU_STOXX600, EU_UNEMPLOYMENT_RATE, EU_VSTOXX, EU_YIELD_10Y, FX_EURUSD, US_CFNAI, US_CREDIT_HY_SPREAD, US_FED_FUNDS_RATE, US_SPREAD_10Y2Y, US_VIX",16
INR.PA,Amundi MSCI India II UCITS ETF EUR Acc,Equities,Asia Ex-Japan,EUR,Renta Variable Otros,"CN_GDP, CN_PMI_MANUFACTURING, EM_CREDIT_SPREAD, EM_MSCI_EM, FX_EURUSD, US_CFNAI, US_CREDIT_HY_SPREAD, US_FED_FUNDS_RATE, US_SPREAD_10Y2Y, US_VIX",10
ERO.L,SPDR MSCI Europe UCITS ETF,Equities,Europe,GBP,Renta Variable EUR,"EU_CORE_HICP, EU_ECB_DEPOSIT_RATE, EU_GDP, EU_HICP, EU_PMI_MANUFACTURING, EU_PMI_SERVICES, EU_STOXX600, EU_UNEMPLOYMENT_RATE, EU_VSTOXX, EU_YIELD_10Y, FX_GBPUSD, US_CFNAI, US_CREDIT_HY_SPREAD, US_FED_FUNDS_RATE, US_SPREAD_10Y2Y, US_VIX",16
MA13.PA,Amundi Euro Highest Rated Macro-Weighted Government Bond 1-3Y UCITS ETF Acc,Fixed Income,Europe,EUR,Renta Fija Gobierno,"EU_ECB_DEPOSIT_RATE, EU_HICP, EU_YIELD_10Y, EU_YIELD_2Y, FX_EURUSD, US_CFNAI, US_CREDIT_HY_SPREAD, US_FED_FUNDS_RATE, US_SPREAD_10Y2Y, US_VIX, US_YIELD_10Y",11
BNK.PA,Multi Units Luxembourg - Amundi STOXX Europe 600 Banks UCITS ETF Acc,Equities,Europe,EUR,Renta Variable EUR,"EU_CORE_HICP, EU_ECB_DEPOSIT_RATE, EU_GDP, EU_HICP, EU_PMI_MANUFACTURING, EU_PMI_SERVICES, EU_STOXX600, EU_UNEMPLOYMENT_RATE, EU_VSTOXX, EU_YIELD_10Y, FX_EURUSD, US_CFNAI, US_CREDIT_HY_SPREAD, US_FED_FUNDS_RATE, US_SPREAD_10Y2Y, US_VIX",16
HYBB.PA,Amundi Index Solutions - Amundi EURO High Yield Bond ESG,Fixed Income,Europe,EUR,Renta Fija Corporativa EUR,"EU_CREDIT_IG_SPREAD, EU_PMI_MANUFACTURING, EU_VSTOXX, EU_YIELD_10Y, FX_EURUSD, US_CFNAI, US_CREDIT_HY_SPREAD, US_FED_FUNDS_RATE, US_SPREAD_10Y2Y, US_VIX",10
LEM.PA,Amundi MSCI Emerging Markets III UCITS ETF EUR Acc,Equities,Emerging Markets,EUR,Renta Variable Otros,"CN_GDP, CN_PMI_MANUFACTURING, EM_CREDIT_SPREAD, EM_MSCI_EM, FX_EURUSD, US_CFNAI, US_CREDIT_HY_SPREAD, US_FED_FUNDS_RATE, US_SPREAD_10Y2Y, US_VIX",10
CSH2.PA,Lyxor Smart Overnight Return - UCITS ETF C-EUR,Monetary,Europe,EUR,CASH,"EU_ECB_DEPOSIT_RATE, FX_EURUSD, US_CFNAI, US_CREDIT_HY_SPREAD, US_FED_FUNDS_RATE, US_SPREAD_10Y2Y, US_VIX, US_YIELD_3M",8
BNKE.PA,Amundi Euro Stoxx Banks UCITS ETF Acc,Equities,Europe,EUR,Renta Variable EUR,"EU_CORE_HICP, EU_ECB_DEPOSIT_RATE, EU_GDP, EU_HICP, EU_PMI_MANUFACTURING, EU_PMI_SERVICES, EU_STOXX600, EU_UNEMPLOYMENT_RATE, EU_VSTOXX, EU_YIELD_10Y, FX_EURUSD, US_CFNAI, US_CREDIT_HY_SPREAD, US_FED_FUNDS_RATE, US_SPREAD_10Y2Y, US_VIX",16
UST.PA,Amundi Nasdaq-100 II UCITS ETF Acc,Equities,USA,EUR,Renta Variable USD,"FX_EURUSD, US_CFNAI, US_CORE_PCE, US_CPI, US_CREDIT_HY_SPREAD, US_FED_FUNDS_RATE, US_GDP, US_ISM_MANUFACTURING, US_NASDAQ, US_RUSSELL2000, US_SP500, US_SPREAD_10Y2Y, US_UNEMPLOYMENT_RATE, US_VIX",14
TNO.MI,Lyxor Index Fund - Lyxor Stoxx Europe 600 Technology UCITS ETF Acc,Equities,Europe,EUR,Renta Variable EUR,"EU_CORE_HICP, EU_ECB_DEPOSIT_RATE, EU_GDP, EU_HICP, EU_PMI_MANUFACTURING, EU_PMI_SERVICES, EU_STOXX600, EU_UNEMPLOYMENT_RATE, EU_VSTOXX, EU_YIELD_10Y, FX_EURUSD, US_CFNAI, US_CREDIT_HY_SPREAD, US_FED_FUNDS_RATE, US_SPREAD_10Y2Y, US_VIX",16
SP5C.PA,Amundi S&P 500 II UCITS ETF Acc,Equities,USA,EUR,Renta Variable USD,"FX_EURUSD, US_CFNAI, US_CORE_PCE, US_CPI, US_CREDIT_HY_SPREAD, US_FED_FUNDS_RATE, US_GDP, US_ISM_MANUFACTURING, US_NASDAQ, US_RUSSELL2000, US_SP500, US_SPREAD_10Y2Y, US_UNEMPLOYMENT_RATE, US_VIX",14
MEU.PA,Amundi MSCI Europe II UCITS ETF,Equities,Europe,EUR,Renta Variable EUR,"EU_CORE_HICP, EU_ECB_DEPOSIT_RATE, EU_GDP, EU_HICP, EU_PMI_MANUFACTURING, EU_PMI_SERVICES, EU_STOXX600, EU_UNEMPLOYMENT_RATE, EU_VSTOXX, EU_YIELD_10Y, FX_EURUSD, US_CFNAI, US_CREDIT_HY_SPREAD, US_FED_FUNDS_RATE, US_SPREAD_10Y2Y, US_VIX",16
FEUZ.L,First Trust Eurozone AlphaDEX UCITS ETF Class A Shares,Equities,Europe,GBp,Renta Variable Otros,"EU_CORE_HICP, EU_ECB_DEPOSIT_RATE, EU_GDP, EU_HICP, EU_PMI_MANUFACTURING, EU_PMI_SERVICES, EU_STOXX600, EU_UNEMPLOYMENT_RATE, EU_VSTOXX, EU_YIELD_10Y, US_CFNAI, US_CREDIT_HY_SPREAD, US_FED_FUNDS_RATE, US_SPREAD_10Y2Y, US_VIX",15
EUNA.DE,iShares Core Global Aggregate Bond UCITS ETF EUR Hedged (Acc),Fixed Income,Global,EUR,Renta Fija Gobierno,"EU_ECB_DEPOSIT_RATE, EU_HICP, EU_YIELD_10Y, EU_YIELD_2Y, FX_EURUSD, US_CFNAI, US_CREDIT_HY_SPREAD, US_FED_FUNDS_RATE, US_SPREAD_10Y2Y, US_VIX, US_YIELD_10Y",11
AGG,iShares Core U.S. Aggregate Bond ETF,Fixed Income,USA,USD,Renta Fija Gobierno,"US_CFNAI, US_CORE_PCE, US_CPI, US_CREDIT_HY_SPREAD, US_FED_FUNDS_RATE, US_INFLATION_EXPECTATIONS_5Y, US_MOVE, US_SPREAD_10Y2Y, US_SPREAD_10Y3M, US_VIX, US_YIELD_10Y, US_YIELD_2Y, US_YIELD_30Y, US_YIELD_5Y",14
EGV7.DE,Amundi Euro Government Bond 5-7Y UCITS ETF Dist,Fixed Income,Europe,EUR,Renta Fija Gobierno,"EU_ECB_DEPOSIT_RATE, EU_HICP, EU_YIELD_10Y, EU_YIELD_2Y, FX_EURUSD, US_CFNAI, US_CREDIT_HY_SPREAD, US_FED_FUNDS_RATE, US_SPREAD_10Y2Y, US_VIX, US_YIELD_10Y",11
IHYG.L,iShares Ôé¼ High Yield Corp Bond UCITS ETF EUR (Dist),Fixed Income,Europe,EUR,Renta Fija Corporativa EUR,"EU_CREDIT_IG_SPREAD, EU_PMI_MANUFACTURING, EU_VSTOXX, EU_YIELD_10Y, FX_EURUSD, US_CFNAI, US_CREDIT_HY_SPREAD, US_FED_FUNDS_RATE, US_SPREAD_10Y2Y, US_VIX",10
XXSC.MI,Xtrackers MSCI Europe Small Cap UCITS ETF 1C,Equities,Europe,EUR,Renta Variable EUR,"EU_CORE_HICP, EU_ECB_DEPOSIT_RATE, EU_GDP, EU_HICP, EU_PMI_MANUFACTURING, EU_PMI_SERVICES, EU_STOXX600, EU_UNEMPLOYMENT_RATE, EU_VSTOXX, EU_YIELD_10Y, FX_EURUSD, US_CFNAI, US_CREDIT_HY_SPREAD, US_FED_FUNDS_RATE, US_SPREAD_10Y2Y, US_VIX",16
APX.PA,Amundi MSCI AC Asia Ex Japan UCITS ETF Acc,Equities,Asia Ex-Japan,EUR,Renta Variable Otros,"CN_GDP, CN_PMI_MANUFACTURING, EM_CREDIT_SPREAD, EM_MSCI_EM, FX_EURUSD, US_CFNAI, US_CREDIT_HY_SPREAD, US_FED_FUNDS_RATE, US_SPREAD_10Y2Y, US_VIX",10
CP9.PA,Amundi Index MSCI Pacific Ex Japen SRI PAB - UCITS ETF DR - EUR C,Equities,Europe,EUR,Renta Variable EUR,"EU_CORE_HICP, EU_ECB_DEPOSIT_RATE, EU_GDP, EU_HICP, EU_PMI_MANUFACTURING, EU_PMI_SERVICES, EU_STOXX600, EU_UNEMPLOYMENT_RATE, EU_VSTOXX, EU_YIELD_10Y, FX_EURUSD, US_CFNAI, US_CREDIT_HY_SPREAD, US_FED_FUNDS_RATE, US_SPREAD_10Y2Y, US_VIX",16
IEVL.L,iShares Edge MSCI Europe Value Factor UCITS ETF EUR (Acc),Equities,Europe,EUR,Renta Variable EUR,"EU_CORE_HICP, EU_ECB_DEPOSIT_RATE, EU_GDP, EU_HICP, EU_PMI_MANUFACTURING, EU_PMI_SERVICES, EU_STOXX600, EU_UNEMPLOYMENT_RATE, EU_VSTOXX, EU_YIELD_10Y, FX_EURUSD, US_CFNAI, US_CREDIT_HY_SPREAD, US_FED_FUNDS_RATE, US_SPREAD_10Y2Y, US_VIX",16
IHYG.MI,iShares Ôé¼ High Yield Corp Bond UCITS ETF EUR (Dist),Fixed Income,Europe,EUR,Renta Fija Corporativa EUR,"EU_CREDIT_IG_SPREAD, EU_PMI_MANUFACTURING, EU_VSTOXX, EU_YIELD_10Y, FX_EURUSD, US_CFNAI, US_CREDIT_HY_SPREAD, US_FED_FUNDS_RATE, US_SPREAD_10Y2Y, US_VIX",10
IWDE.AS,iShares MSCI World EUR Hedged UCITS ETF (Acc),Equities,Global,EUR,Renta Variable Otros,"EU_GDP, EU_STOXX600, FX_EURUSD, GLOBAL_MSCI_WORLD, US_CFNAI, US_CREDIT_HY_SPREAD, US_FED_FUNDS_RATE, US_GDP, US_ISM_MANUFACTURING, US_SP500, US_SPREAD_10Y2Y, US_VIX",12
EQQQ.MI,Invesco EQQQ NASDAQ-100 UCITS ETF,Equities,USA,EUR,Renta Variable USD,"FX_EURUSD, US_CFNAI, US_CORE_PCE, US_CPI, US_CREDIT_HY_SPREAD, US_FED_FUNDS_RATE, US_GDP, US_ISM_MANUFACTURING, US_NASDAQ, US_RUSSELL2000, US_SP500, US_SPREAD_10Y2Y, US_UNEMPLOYMENT_RATE, US_VIX",14
IUAE.L,iShares US Aggregate Bond UCITS ETF,Fixed Income,USA,EUR,Renta Fija Gobierno,"EU_ECB_DEPOSIT_RATE, EU_HICP, EU_YIELD_10Y, EU_YIELD_2Y, FX_EURUSD, US_CFNAI, US_CREDIT_HY_SPREAD, US_FED_FUNDS_RATE, US_SPREAD_10Y2Y, US_VIX, US_YIELD_10Y",11
MTD.PA,Amundi Euro Government Bond 7-10Y UCITS ETF Acc,Fixed Income,Europe,EUR,Renta Fija Gobierno,"EU_ECB_DEPOSIT_RATE, EU_HICP, EU_YIELD_10Y, EU_YIELD_2Y, FX_EURUSD, US_CFNAI, US_CREDIT_HY_SPREAD, US_FED_FUNDS_RATE, US_SPREAD_10Y2Y, US_VIX, US_YIELD_10Y",11
IUSE.L,iShares S&P 500 EUR Hedged UCITS ETF (Acc),Equities,USA,EUR,Renta Variable USD,"FX_EURUSD, US_CFNAI, US_CORE_PCE, US_CPI, US_CREDIT_HY_SPREAD, US_FED_FUNDS_RATE, US_GDP, US_ISM_MANUFACTURING, US_NASDAQ, US_RUSSELL2000, US_SP500, US_SPREAD_10Y2Y, US_UNEMPLOYMENT_RATE, US_VIX",14
SEML.L,iShares J.P. Morgan EM Local Govt Bond UCITS ETF USD (Dist),Fixed Income,Emerging Markets,GBP,Renta Fija Gobierno,"FX_GBPUSD, US_CFNAI, US_CREDIT_HY_SPREAD, US_FED_FUNDS_RATE, US_SPREAD_10Y2Y, US_VIX",6
X13G.PA,Amundi Index Solutions - Amundi Govt Bond Lowest Rated Euro Investment Grade 1-3 UCITS ETF-C,Fixed Income,Europe,EUR,Renta Fija Gobierno,"EU_ECB_DEPOSIT_RATE, EU_HICP, EU_YIELD_10Y, EU_YIELD_2Y, FX_EURUSD, US_CFNAI, US_CREDIT_HY_SPREAD, US_FED_FUNDS_RATE, US_SPREAD_10Y2Y, US_VIX, US_YIELD_10Y",11
IMAE.AS,iShares Core MSCI Europe UCITS ETF EUR (Acc),Equities,Europe,EUR,Renta Variable EUR,"EU_CORE_HICP, EU_ECB_DEPOSIT_RATE, EU_GDP, EU_HICP, EU_PMI_MANUFACTURING, EU_PMI_SERVICES, EU_STOXX600, EU_UNEMPLOYMENT_RATE, EU_VSTOXX, EU_YIELD_10Y, FX_EURUSD, US_CFNAI, US_CREDIT_HY_SPREAD, US_FED_FUNDS_RATE, US_SPREAD_10Y2Y, US_VIX",16
IEVL.MI,iShares Edge MSCI Europe Value Factor UCITS ETF EUR (Acc),Equities,Europe,EUR,Renta Variable EUR,"EU_CORE_HICP, EU_ECB_DEPOSIT_RATE, EU_GDP, EU_HICP, EU_PMI_MANUFACTURING, EU_PMI_SERVICES, EU_STOXX600, EU_UNEMPLOYMENT_RATE, EU_VSTOXX, EU_YIELD_10Y, FX_EURUSD, US_CFNAI, US_CREDIT_HY_SPREAD, US_FED_FUNDS_RATE, US_SPREAD_10Y2Y, US_VIX",16
AEJ.PA,Amundi MSCI AC Asia Pacific Ex Japan UCITS ETF Acc,Equities,Asia Ex-Japan,EUR,Renta Variable Otros,"CN_GDP, CN_PMI_MANUFACTURING, EM_CREDIT_SPREAD, EM_MSCI_EM, FX_EURUSD, US_CFNAI, US_CREDIT_HY_SPREAD, US_FED_FUNDS_RATE, US_SPREAD_10Y2Y, US_VIX",10
XHYA.DE,Xtrackers II EUR High Yield Corporate Bond UCITS ETF 1C,Fixed Income,Europe,EUR,Renta Fija Corporativa EUR,"EU_CREDIT_IG_SPREAD, EU_PMI_MANUFACTURING, EU_VSTOXX, EU_YIELD_10Y, FX_EURUSD, US_CFNAI, US_CREDIT_HY_SPREAD, US_FED_FUNDS_RATE, US_SPREAD_10Y2Y, US_VIX",10
XDWS.L,Xtrackers MSCI World Consumer Staples UCITS ETF 1C,Equities,Global,USD,Renta Variable Otros,"EU_GDP, EU_STOXX600, GLOBAL_MSCI_WORLD, US_CFNAI, US_CREDIT_HY_SPREAD, US_FED_FUNDS_RATE, US_GDP, US_ISM_MANUFACTURING, US_SP500, US_SPREAD_10Y2Y, US_VIX",11
XDWC.L,Xtrackers MSCI World Consumer Discretionary UCITS ETF 1C,Equities,Global,USD,Renta Variable Otros,"EU_GDP, EU_STOXX600, GLOBAL_MSCI_WORLD, US_CFNAI, US_CREDIT_HY_SPREAD, US_FED_FUNDS_RATE, US_GDP, US_ISM_MANUFACTURING, US_SP500, US_SPREAD_10Y2Y, US_VIX",11
XDW0.L,Xtrackers MSCI World Energy UCITS ETF 1C,Equities,Global,USD,Renta Variable Otros,"EU_GDP, EU_STOXX600, GLOBAL_MSCI_WORLD, US_CFNAI, US_CREDIT_HY_SPREAD, US_FED_FUNDS_RATE, US_GDP, US_ISM_MANUFACTURING, US_SP500, US_SPREAD_10Y2Y, US_VIX",11
XDWI.L,Xtrackers MSCI World Industrials UCITS ETF 1C,Equities,Global,USD,Renta Variable Otros,"EU_GDP, EU_STOXX600, GLOBAL_MSCI_WORLD, US_CFNAI, US_CREDIT_HY_SPREAD, US_FED_FUNDS_RATE, US_GDP, US_ISM_MANUFACTURING, US_SP500, US_SPREAD_10Y2Y, US_VIX",11
XDWM.L,Xtrackers MSCI World Materials UCITS ETF 1C,Equities,Global,USD,Renta Variable Otros,"EU_GDP, EU_STOXX600, GLOBAL_MSCI_WORLD, US_CFNAI, US_CREDIT_HY_SPREAD, US_FED_FUNDS_RATE, US_GDP, US_ISM_MANUFACTURING, US_SP500, US_SPREAD_10Y2Y, US_VIX",11
XWTS.L,Xtrackers MSCI World Communication Services UCITS ETF 1C,Equities,Global,USD,Renta Variable Otros,"EU_GDP, EU_STOXX600, GLOBAL_MSCI_WORLD, US_CFNAI, US_CREDIT_HY_SPREAD, US_FED_FUNDS_RATE, US_GDP, US_ISM_MANUFACTURING, US_SP500, US_SPREAD_10Y2Y, US_VIX",11
XDWH.L,Xtrackers MSCI World Health Care UCITS ETF 1C,Equities,Global,USD,Renta Variable Otros,"EU_GDP, EU_STOXX600, GLOBAL_MSCI_WORLD, US_CFNAI, US_CREDIT_HY_SPREAD, US_FED_FUNDS_RATE, US_GDP, US_ISM_MANUFACTURING, US_SP500, US_SPREAD_10Y2Y, US_VIX",11
XDWF.L,Xtrackers MSCI World Financials UCITS ETF 1C,Equities,Global,USD,Renta Variable Otros,"EU_GDP, EU_STOXX600, GLOBAL_MSCI_WORLD, US_CFNAI, US_CREDIT_HY_SPREAD, US_FED_FUNDS_RATE, US_GDP, US_ISM_MANUFACTURING, US_SP500, US_SPREAD_10Y2Y, US_VIX",11
XDWU.L,Xtrackers MSCI World Utilities UCITS ETF 1C,Alternatives,Global,USD,Renta Variable Otros,"US_CFNAI, US_CREDIT_HY_SPREAD, US_FED_FUNDS_RATE, US_SPREAD_10Y2Y, US_VIX",5
XXSC.DE,Xtrackers MSCI Europe Small Cap UCITS ETF 1C,Equities,Europe,EUR,Renta Variable EUR,"EU_CORE_HICP, EU_ECB_DEPOSIT_RATE, EU_GDP, EU_HICP, EU_PMI_MANUFACTURING, EU_PMI_SERVICES, EU_STOXX600, EU_UNEMPLOYMENT_RATE, EU_VSTOXX, EU_YIELD_10Y, FX_EURUSD, US_CFNAI, US_CREDIT_HY_SPREAD, US_FED_FUNDS_RATE, US_SPREAD_10Y2Y, US_VIX",16
DIA,SPDR Dow Jones Industrial Average ETF Trust,Equities,USA,USD,Renta Variable USD,"US_CFNAI, US_CORE_PCE, US_CPI, US_CREDIT_HY_SPREAD, US_FED_FUNDS_RATE, US_GDP, US_ISM_MANUFACTURING, US_NASDAQ, US_RUSSELL2000, US_SP500, US_SPREAD_10Y2Y, US_UNEMPLOYMENT_RATE, US_VIX",13
PEU.MI,Invesco EuroMTS Cash 3 Months UCITS ETF,Monetary,Europe,EUR,CASH,"EU_ECB_DEPOSIT_RATE, FX_EURUSD, US_CFNAI, US_CREDIT_HY_SPREAD, US_FED_FUNDS_RATE, US_SPREAD_10Y2Y, US_VIX, US_YIELD_3M",8
TRV.PA,Amundi STOXX Europe 600 Consumer Discretionary UCITS ETF Acc,Equities,Europe,EUR,Renta Variable EUR,"EU_CORE_HICP, EU_ECB_DEPOSIT_RATE, EU_GDP, EU_HICP, EU_PMI_MANUFACTURING, EU_PMI_SERVICES, EU_STOXX600, EU_UNEMPLOYMENT_RATE, EU_VSTOXX, EU_YIELD_10Y, FX_EURUSD, US_CFNAI, US_CREDIT_HY_SPREAD, US_FED_FUNDS_RATE, US_SPREAD_10Y2Y, US_VIX",16
GRON.DE,iShares Ôé¼ Green Bond UCITS ETF,Fixed Income,Europe,EUR,Renta Fija Gobierno,"EU_ECB_DEPOSIT_RATE, EU_HICP, EU_YIELD_10Y, EU_YIELD_2Y, FX_EURUSD, US_CFNAI, US_CREDIT_HY_SPREAD, US_FED_FUNDS_RATE, US_SPREAD_10Y2Y, US_VIX, US_YIELD_10Y",11
EUNS.DE,iShares Ôé¼ Corp Bond ex-Financials 1-5yr ESG UCITS ETF EUR (Dist),Fixed Income,Europe,EUR,Renta Fija Corporativa EUR,"EU_CREDIT_IG_SPREAD, EU_PMI_MANUFACTURING, EU_VSTOXX, EU_YIELD_10Y, FX_EURUSD, US_CFNAI, US_CREDIT_HY_SPREAD, US_FED_FUNDS_RATE, US_SPREAD_10Y2Y, US_VIX",10
QDVL.DE,iShares Ôé¼ Corp Bond 0-3yr ESG UCITS ETF EUR (Dist),Fixed Income,Europe,EUR,Renta Fija Corporativa EUR,"EU_CREDIT_IG_SPREAD, EU_PMI_MANUFACTURING, EU_VSTOXX, EU_YIELD_10Y, FX_EURUSD, US_CFNAI, US_CREDIT_HY_SPREAD, US_FED_FUNDS_RATE, US_SPREAD_10Y2Y, US_VIX",10
IRCP.L,iShares Ôé¼ Corp Bond Interest Rate Hedged ESG UCITS ETF EUR (Dist),Fixed Income,Europe,EUR,Renta Fija Corporativa EUR,"EU_CREDIT_IG_SPREAD, EU_PMI_MANUFACTURING, EU_VSTOXX, EU_YIELD_10Y, FX_EURUSD, US_CFNAI, US_CREDIT_HY_SPREAD, US_FED_FUNDS_RATE, US_SPREAD_10Y2Y, US_VIX",10
SUOE.L,iShares Ôé¼ Corp Bond ESG UCITS ETF EUR (Dist),Fixed Income,Europe,EUR,Renta Fija Corporativa EUR,"EU_CREDIT_IG_SPREAD, EU_PMI_MANUFACTURING, EU_VSTOXX, EU_YIELD_10Y, FX_EURUSD, US_CFNAI, US_CREDIT_HY_SPREAD, US_FED_FUNDS_RATE, US_SPREAD_10Y2Y, US_VIX",10
IEAA.L,iShares Core Ôé¼ Corp Bond UCITS ETF EUR (Acc),Fixed Income,Europe,EUR,Renta Fija Corporativa EUR,"EU_CREDIT_IG_SPREAD, EU_PMI_MANUFACTURING, EU_VSTOXX, EU_YIELD_10Y, FX_EURUSD, US_CFNAI, US_CREDIT_HY_SPREAD, US_FED_FUNDS_RATE, US_SPREAD_10Y2Y, US_VIX",10
IND.PA,Amundi STOXX Europe 600 Industrials UCITS ETF Acc,Equities,Europe,EUR,Renta Variable EUR,"EU_CORE_HICP, EU_ECB_DEPOSIT_RATE, EU_GDP, EU_HICP, EU_PMI_MANUFACTURING, EU_PMI_SERVICES, EU_STOXX600, EU_UNEMPLOYMENT_RATE, EU_VSTOXX, EU_YIELD_10Y, FX_EURUSD, US_CFNAI, US_CREDIT_HY_SPREAD, US_FED_FUNDS_RATE, US_SPREAD_10Y2Y, US_VIX",16
CHM.PA,Amundi STOXX Europe 600 Basic Materials UCITS ETF Acc,Equities,Europe,EUR,Renta Variable EUR,"EU_CORE_HICP, EU_ECB_DEPOSIT_RATE, EU_GDP, EU_HICP, EU_PMI_MANUFACTURING, EU_PMI_SERVICES, EU_STOXX600, EU_UNEMPLOYMENT_RATE, EU_VSTOXX, EU_YIELD_10Y, FX_EURUSD, US_CFNAI, US_CREDIT_HY_SPREAD, US_FED_FUNDS_RATE, US_SPREAD_10Y2Y, US_VIX",16
IDJG.AS,iShares Euro Total Market Growth Large UCITS ETF EUR (Dist),Equities,Europe,EUR,Renta Variable EUR,"EU_CORE_HICP, EU_ECB_DEPOSIT_RATE, EU_GDP, EU_HICP, EU_PMI_MANUFACTURING, EU_PMI_SERVICES, EU_STOXX600, EU_UNEMPLOYMENT_RATE, EU_VSTOXX, EU_YIELD_10Y, FX_EURUSD, US_CFNAI, US_CREDIT_HY_SPREAD, US_FED_FUNDS_RATE, US_SPREAD_10Y2Y, US_VIX",16
MWRD.PA,Amundi MSCI World UCITS ETF,Equities,Global,EUR,Renta Variable Otros,"EU_GDP, EU_STOXX600, FX_EURUSD, GLOBAL_MSCI_WORLD, US_CFNAI, US_CREDIT_HY_SPREAD, US_FED_FUNDS_RATE, US_GDP, US_ISM_MANUFACTURING, US_SP500, US_SPREAD_10Y2Y, US_VIX",12
EWLD.PA,Amundi Index Solutions - Amundi MSCI World UCITS ETF D EUR,Equities,Global,EUR,Renta Variable Otros,"EU_GDP, EU_STOXX600, FX_EURUSD, GLOBAL_MSCI_WORLD, US_CFNAI, US_CREDIT_HY_SPREAD, US_FED_FUNDS_RATE, US_GDP, US_ISM_MANUFACTURING, US_SP500, US_SPREAD_10Y2Y, US_VIX",12
LWCR.PA,Amundi MSCI World ESG Climate Net Zero Ambition CTB UCITS ETF Acc,Equities,Global,EUR,Renta Variable Otros,"EU_GDP, EU_STOXX600, FX_EURUSD, GLOBAL_MSCI_WORLD, US_CFNAI, US_CREDIT_HY_SPREAD, US_FED_FUNDS_RATE, US_GDP, US_ISM_MANUFACTURING, US_SP500, US_SPREAD_10Y2Y, US_VIX",12
IE1A.DE,iShares Ôé¼ Corp Bond 1-5yr UCITS ETF EUR (Acc),Fixed Income,Europe,EUR,Renta Fija Corporativa EUR,"EU_CREDIT_IG_SPREAD, EU_PMI_MANUFACTURING, EU_VSTOXX, EU_YIELD_10Y, FX_EURUSD, US_CFNAI, US_CREDIT_HY_SPREAD, US_FED_FUNDS_RATE, US_SPREAD_10Y2Y, US_VIX",10
CNYE.MI,iShares MSCI China A UCITS ETF EUR Hedged (Acc),Equities,Asia Ex-Japan,EUR,Renta Variable Otros,"CN_GDP, CN_PMI_MANUFACTURING, EM_CREDIT_SPREAD, EM_MSCI_EM, FX_EURUSD, US_CFNAI, US_CREDIT_HY_SPREAD, US_FED_FUNDS_RATE, US_SPREAD_10Y2Y, US_VIX",10
ERTH.PA,Amundi Euro Government Green Bond UCITS ETF Acc,Fixed Income,Europe,EUR,Renta Fija Gobierno,"EU_ECB_DEPOSIT_RATE, EU_HICP, EU_YIELD_10Y, EU_YIELD_2Y, FX_EURUSD, US_CFNAI, US_CREDIT_HY_SPREAD, US_FED_FUNDS_RATE, US_SPREAD_10Y2Y, US_VIX, US_YIELD_10Y",11
WATC.SW,Amundi MSCI Water ESG Screened UCITS ETF Acc,Equities,Europe,CHF,Renta Variable EUR,"EU_CORE_HICP, EU_ECB_DEPOSIT_RATE, EU_GDP, EU_HICP, EU_PMI_MANUFACTURING, EU_PMI_SERVICES, EU_STOXX600, EU_UNEMPLOYMENT_RATE, EU_VSTOXX, EU_YIELD_10Y, FX_USDCHF, US_CFNAI, US_CREDIT_HY_SPREAD, US_FED_FUNDS_RATE, US_SPREAD_10Y2Y, US_VIX",16
EGRI.PA,Amundi Index Solutions - Amundi Index Euro AGG SRI UCITS ETF DR,Equities,Europe,EUR,Renta Variable EUR,"EU_CORE_HICP, EU_ECB_DEPOSIT_RATE, EU_GDP, EU_HICP, EU_PMI_MANUFACTURING, EU_PMI_SERVICES, EU_STOXX600, EU_UNEMPLOYMENT_RATE, EU_VSTOXX, EU_YIELD_10Y, FX_EURUSD, US_CFNAI, US_CREDIT_HY_SPREAD, US_FED_FUNDS_RATE, US_SPREAD_10Y2Y, US_VIX",16
4UB1.DE,UBS (Irl) ETF plc - MSCI World Socially Responsible UCITS ETF,Equities,Global,EUR,Renta Variable Otros,"EU_GDP, EU_STOXX600, FX_EURUSD, GLOBAL_MSCI_WORLD, US_CFNAI, US_CREDIT_HY_SPREAD, US_FED_FUNDS_RATE, US_GDP, US_ISM_MANUFACTURING, US_SP500, US_SPREAD_10Y2Y, US_VIX",12
SLMG.DE,iShares J.P. Morgan ESG $ EM Bond UCITS ETF EUR Hedged (Acc),Fixed Income,Emerging Markets,EUR,Renta Fija Gobierno,"EU_ECB_DEPOSIT_RATE, EU_HICP, EU_YIELD_10Y, EU_YIELD_2Y, FX_EURUSD, US_CFNAI, US_CREDIT_HY_SPREAD, US_FED_FUNDS_RATE, US_SPREAD_10Y2Y, US_VIX, US_YIELD_10Y",11
IMBE.AS,iShares US Mortgage Backed Securities UCITS ETF EUR Hedged (Acc),Equities,USA,EUR,Renta Variable USD,"FX_EURUSD, US_CFNAI, US_CORE_PCE, US_CPI, US_CREDIT_HY_SPREAD, US_FED_FUNDS_RATE, US_GDP, US_ISM_MANUFACTURING, US_NASDAQ, US_RUSSELL2000, US_SP500, US_SPREAD_10Y2Y, US_UNEMPLOYMENT_RATE, US_VIX",14
